Series Code,Series Name,Country Code,Country Name,1960,1961,1962,1963,1964,1965,1966,1967,1968,1969,1970,1971,1972,1973,1974,1975,1976,1977,1978,1979,1980,1981,1982,1983,1984,1985,1986,1987,1988,1989,1990,1991,1992,1993,1994,1995,1996,1997,1998,1999,2000,2001,2002,2003,2004,2005,2006,2007,2008,2009,2010,2011,2012,2013,2014
I51,"Full-time equivalent telecommunication employees, total ",AFG,Afghanistan,..,..,..,..,..,..,..,..,..,..,..,..,..,..,..,..,..,..,..,..,..,..,..,..,..,..,..,..,..,..,1550,..,5212,..,..,..,..,..,..,..,..,..,..,..,..,43000,45000,..,..,..,..,..,..,..,..
I51,"Full-time equivalent telecommunication employees, total ",ALB,Albania,..,..,..,..,..,..,..,..,..,..,..,..,..,..,..,..,..,..,..,..,..,..,..,..,..,..,..,..,..,..,4774,4774,4875,4655,4574,4523,4628,4587,4507,4436,4510,3700,3360,3270,2868,3022,3073,3089,4000,..,4240,4166,2957,3230,3119
I51,"Full-time equivalent telecommunication employees, total ",DZA,Algeria,..,..,..,..,..,..,..,..,..,..,..,..,..,..,..,..,..,..,..,..,..,13000,14900,14592,15673,18556,16800,16566,17404,18110,18388,19124,19208,22712,18492,18423,18554,18817,18230,17809,17900,17900,19037,21776,24379,..,102935,107623,..,..,..,31268,31976,32660,33433
I51,"Full-time equivalent telecommunication employees, total ",ASM,American Samoa,..,..,..,..,..,..,..,..,..,..,..,..,..,..,..,..,..,..,..,..,..,..,..,..,..,..,..,..,..,..,..,..,140,140,140,140,140,140,146,146,..,..,..,..,..,..,..,..,..,..,..,..,..,..,..
I51,"Full-time equivalent telecommunication employees, total ",AND,Andorra,..,..,..,..,..,..,..,..,..,..,..,..,..,..,..,..,..,..,..,..,..,..,..,..,..,..,..,..,..,..,..,..,100,105,120,128,135,130,130,..,..,..,..,..,..,..,..,241,245,260,260,260,267,270,246
I51,"Full-time equivalent telecommunication employees, total ",AGO,Angola,..,..,..,..,..,..,..,..,..,..,..,..,..,..,..,..,..,..,..,..,1724,1757,..,..,..,..,..,1820,1899,..,2075,2080,2090,2110,2214,2247,2118,2154,2056,2110,2111,2160,2237,..,..,2912,..,..,..,..,..,4869,5311,6231,6337
I51,"Full-time equivalent telecommunication employees, total ",ATG,Antigua and Barbuda,..,..,..,..,..,..,..,..,..,..,..,..,..,..,..,..,..,..,..,..,..,65,..,..,..,..,..,..,..,..,108,..,..,..,..,..,..,..,..,..,470,184,..,..,..,..,..,..,..,247,345,408,404,238,..
I51,"Full-time equivalent telecommunication employees, total ",ARG,Argentina,..,..,..,..,..,..,..,..,..,..,..,..,..,..,..,48860,47000,44880,45420,43620,44310,44810,48398,46732,47427,46349,40154,56462,56110,55370,40772,35286,36293,33736,31289,29690,27264,23089,21226,19461,20533,20221,20113,21880,22921,..,21244,..,..,..,..,..,..,..,19981
I51,"Full-time equivalent telecommunication employees, total ",ARM,Armenia,..,..,..,..,..,..,..,..,..,..,..,..,..,..,..,..,..,..,..,..,..,..,..,..,..,..,..,..,..,..,..,7000,7000,7000,10840,9300,9500,8817,8420,7945,7729,7159,5910,5758,5388,5286,..,..,4100,4400,4601,4627,5158,5470,5605
I51,"Full-time equivalent telecommunication employees, total ",ABW,Aruba,..,..,..,..,..,..,..,..,..,..,..,..,..,..,..,..,..,..,..,..,..,..,..,200,230,..,282,292,270,..,354,..,443,..,..,372,420,418,401,399,409,417,..,..,..,364,368,390,377,..,..,..,..,..,..
I51,"Full-time equivalent telecommunication employees, total ",AUS,Australia,..,..,..,..,..,..,..,..,..,..,..,..,..,..,..,87500,87400,87400,87444,87440,88230,90000,88095,88524,88488,93287,94473,92487,86832,84183,87018,81106,77953,72164,79800,87100,100500,93100,75400,85000,102800,104300,87200,97300,88200,97300,94000,92800,113000,90000,91000,95700,97100,..,..
I51,"Full-time equivalent telecommunication employees, total ",AUT,Austria,..,..,..,..,..,..,..,..,..,..,..,..,..,..,..,17000,17000,17000,17000,17000,17000,17783,17930,18111,18192,18239,18292,18255,18471,18392,18415,18305,18285,18019,17832,17375,17220,17600,18720,18650,18560,32152,26900,19900,19800,19300,17916,17837,16725,15279,16100,15600,15100,14700,14200
I51,"Full-time equivalent telecommunication employees, total ",AZE,Azerbaijan,..,..,..,..,..,..,..,..,..,..,..,..,..,..,..,..,..,..,..,..,..,..,..,..,..,..,..,..,..,..,..,14700,11353,13500,13950,14000,14500,12115,11416,11212,9960,8756,8142,8900,17912,14539,13506,15647,16240,16347,16449,18300,19933,21047,21459
I51,"Full-time equivalent telecommunication employees, total ",BHS,Bahamas,..,..,..,..,..,..,..,..,..,..,..,..,..,..,..,988,976,998,997,1060,1100,1300,1289,1436,1532,1648,1647,..,1852,2030,2167,2304,2359,2305,..,2415,2258,2216,..,1249,1109,1115,1141,1137,1194,1184,1217,1236,1240,1214,1191,..,..,..,1251
I51,"Full-time equivalent telecommunication employees, total ",BHR,Bahrain,..,..,..,..,..,..,..,..,..,..,..,..,..,..,..,..,..,..,..,..,1850,..,1921,1962,1979,2023,2072,2054,2100,2093,2122,2122,2090,2070,2102,2139,2074,2049,2100,2118,2089,2038,1879,1617,1923,2216,1942,2380,2470,2500,2570,2708,3141,3000,3100
I51,"Full-time equivalent telecommunication employees, total ",BGD,Bangladesh,..,..,..,..,..,..,..,..,..,..,..,..,..,..,..,..,..,..,..,..,..,..,..,17444,18312,18759,18793,19239,19239,19165,19165,19165,19165,19300,19300,19300,19300,19300,19317,18620,16098,19814,..,..,..,..,..,..,..,320000,470000,550000,573988,596619,607221
I51,"Full-time equivalent telecommunication employees, total ",BRB,Barbados,..,..,..,..,..,..,..,..,..,..,..,..,..,..,..,..,..,..,..,..,654,700,730,750,800,800,830,883,874,967,995,990,1008,1010,1013,1007,999,1003,990,1100,888,1032,..,..,919,..,..,..,..,..,..,..,..,..,252
I51,"Full-time equivalent telecommunication employees, total ",BLR,Belarus,..,..,..,..,..,..,..,..,..,..,..,..,..,..,..,..,..,..,..,..,..,..,..,..,..,..,..,..,..,..,..,16900,29000,27000,26000,25594,24867,25744,26283,26782,26686,26614,26484,26614,26662,26330,..,..,..,..,29200,28386,26821,25445,..
I51,"Full-time equivalent telecommunication employees, total ",BEL,Belgium,..,..,..,..,..,..,..,..,..,..,..,..,..,..,..,28700,28100,27500,28100,28800,28856,29187,29474,28996,28394,27609,26996,26664,26331,25892,26295,26808,26501,25643,26620,25240,25634,24915,23886,25074,28495,28276,24494,23291,23921,22445,21284,22311,18906,19309,19010,19102,18999,18594,18247
I51,"Full-time equivalent telecommunication employees, total ",BLZ,Belize,..,..,..,..,..,..,..,..,..,..,..,..,..,..,..,..,128,138,140,160,175,181,181,193,193,..,..,..,321,335,392,398,398,387,388,365,359,316,380,403,399,417,412,482,442,494,493,..,..,443,475,500,499,..,..
I51,"Full-time equivalent telecommunication employees, total ",BEN,Benin,..,..,..,..,..,..,..,..,..,..,..,..,..,..,..,..,..,..,..,..,..,..,..,1200,1200,1200,1197,..,1300,1300,1258,1560,1531,1528,1424,1389,1327,1288,1267,1242,1225,1231,1261,1214,1264,1331,1388,1309,2233,1976,2291,2191,1757,1406,1426
I51,"Full-time equivalent telecommunication employees, total ",BMU,Bermuda,..,..,..,..,..,270,..,..,..,..,323,..,..,..,..,376,366,357,367,371,396,434,414,396,393,391,394,394,392,409,411,408,408,407,401,380,406,431,458,442,457,456,476,..,579,..,..,..,..,..,..,..,..,..,..
I51,"Full-time equivalent telecommunication employees, total ",BTN,Bhutan,..,..,..,..,..,..,..,..,..,..,..,..,..,..,..,..,..,..,..,..,..,..,..,..,..,..,..,..,..,..,..,..,350,350,468,519,496,482,466,433,346,378,400,..,667,667,806,..,620,733,763,801,801,844,1013
I51,"Full-time equivalent telecommunication employees, total ",BOL,Bolivia,..,..,..,..,..,..,..,..,..,..,..,..,..,..,..,..,..,..,..,..,..,1300,1340,1380,1400,1450,1460,1609,1585,1685,1898,1864,1864,1806,1920,1745,1798,4680,4287,3135,2424,3241,3219,3269,3567,3785,9414,..,..,..,..,6951,8196,8102,8142
I51,"Full-time equivalent telecommunication employees, total ",BIH,Bosnia and Herzegovina,..,..,..,..,..,..,..,..,..,..,..,..,..,..,..,..,..,..,..,..,..,..,..,..,..,..,..,..,..,..,..,..,..,..,1500,2475,4078,1426,1754,1831,1819,6800,6950,6989,7001,7004,6692,5352,7420,7890,8231,7800,8100,8590,8268
I51,"Full-time equivalent telecommunication employees, total ",BWA,Botswana,..,..,..,..,..,..,..,..,..,..,..,..,..,..,..,..,..,..,..,..,..,928,940,951,933,911,896,893,916,961,1150,1215,1579,1602,1645,1624,1610,1703,1700,1754,1771,1724,1694,985,1064,1079,1067,1200,1600,499,..,..,1700,..,1650
I51,"Full-time equivalent telecommunication employees, total ",BRA,Brazil,..,..,..,..,..,..,..,..,..,..,..,..,..,..,..,75000,85000,86000,92000,94000,97000,98000,104694,101902,103572,105318,104023,105492,104420,104560,108638,101134,97941,93574,95596,92509,89536,87282,84848,96428,104963,93494,..,69475,76120,306734,328778,448271,..,356837,424123,470214,239705,..,..
I51,"Full-time equivalent telecommunication employees, total ",BRN,Brunei Darussalam,..,..,..,..,..,..,..,..,..,..,..,..,..,..,..,..,240,360,400,560,590,614,..,640,650,661,652,593,742,730,..,927,957,972,953,925,903,900,901,..,..,..,..,..,..,..,..,..,..,..,..,..,..,..,..
I51,"Full-time equivalent telecommunication employees, total ",BGR,Bulgaria,..,..,..,..,..,..,..,..,..,..,..,..,..,..,..,..,..,..,..,..,22814,22800,..,24000,24000,..,..,..,25931,26560,26870,44956,43842,25800,26000,26192,26398,26528,26393,26487,25839,25129,27482,26062,20472,25577,24894,23358,22472,21421,20360,19025,17781,17831,20748
I51,"Full-time equivalent telecommunication employees, total ",BFA,Burkina Faso,..,..,..,..,..,..,..,..,..,..,..,..,..,..,..,..,..,..,..,..,..,..,..,484,477,..,917,931,988,..,1103,1155,1171,1193,1215,1220,1224,1245,1250,1256,1272,1289,1266,1433,1501,1647,1720,1811,1907,1724,1603,1509,1449,1413,1385
I51,"Full-time equivalent telecommunication employees, total ",BDI,Burundi,..,..,..,..,..,..,..,..,..,..,..,..,..,..,..,..,..,..,..,..,..,..,..,387,400,..,480,..,502,526,495,504,559,604,634,607,574,617,620,581,555,530,548,548,549,..,..,..,1038,1228,1286,1290,1312,1389,1671
I51,"Full-time equivalent telecommunication employees, total ",KHM,Cambodia,..,..,..,..,..,..,..,..,..,..,..,..,..,..,..,..,..,..,..,..,..,..,..,..,..,..,..,..,..,..,..,400,400,453,535,563,741,753,778,731,669,661,577,992,..,..,..,2600,2500,1658,6386,..,..,..,2931
I51,"Full-time equivalent telecommunication employees, total ",CMR,Cameroon,..,..,..,..,..,..,..,..,..,..,..,..,..,..,..,..,..,..,..,..,..,..,..,1865,1761,1918,..,2175,2173,..,2067,2040,2003,2000,1955,1936,1947,1820,2500,2213,2213,2213,2225,2821,3130,3223,3111,3300,3488,3749,3810,4002,..,..,..
I51,"Full-time equivalent telecommunication employees, total ",CAN,Canada,..,..,..,..,..,..,..,..,..,..,..,..,..,..,..,82866,83504,87546,92873,96539,100059,102625,111088,113612,100497,99765,91671,92720,96146,98166,98166,95731,92263,83708,89526,90148,82115,80673,90675,86548,89229,90755,84617,82487,84036,82937,..,..,..,116608,115735,116302,..,..,..
I51,"Full-time equivalent telecommunication employees, total ",CPV,Cape Verde,..,..,..,..,..,..,..,..,..,..,..,..,..,..,..,..,..,..,..,..,..,..,..,..,99,..,..,..,..,..,..,233,249,279,421,417,408,409,423,433,483,466,469,459,454,442,416,520,526,525,595,640,707,..,790
I51,"Full-time equivalent telecommunication employees, total ",CYM,Cayman Islands,..,..,..,..,..,..,..,..,..,..,..,..,..,..,..,..,..,..,..,..,..,..,..,..,191,203,..,..,..,..,..,242,242,240,248,250,257,255,261,264,269,..,..,..,..,..,..,..,..,..,..,..,..,..,351
I51,"Full-time equivalent telecommunication employees, total ",CAF,Central African Rep.,..,..,..,..,..,..,..,..,..,..,..,..,..,..,..,..,..,..,..,..,..,640,..,600,579,558,553,..,572,..,379,362,367,381,379,395,402,401,388,391,409,402,400,370,390,400,416,..,..,1159,1275,1316,..,..,965
I51,"Full-time equivalent telecommunication employees, total ",TCD,Chad,..,..,..,..,..,..,..,..,..,..,..,..,..,..,..,..,..,..,..,..,..,..,..,200,190,187,240,..,185,..,419,431,448,362,327,357,333,338,343,400,504,655,600,610,..,..,..,..,..,..,..,..,1012,1207,1117
I51,"Full-time equivalent telecommunication employees, total ",CHL,Chile,..,..,..,..,..,..,..,..,..,..,..,..,..,..,..,11399,11686,11445,11344,11165,10637,10000,9391,8632,8973,10713,10945,11264,11315,8900,9820,10369,10525,11309,12947,12679,13898,15526,18227,20261,21277,19855,19391,..,..,10679,18705,30260,31060,31592,36513,47608,50545,52356,..
I51,"Full-time equivalent telecommunication employees, total ",CHN,China,..,..,..,..,..,..,..,..,..,..,..,..,..,..,..,371700,386700,394800,435700,447000,465800,490600,504100,521100,445000,463000,472000,474189,486518,495690,507000,531296,559089,467973,484264,479465,481364,467746,444543,685000,..,..,672970,721511,707000,718009,743000,696753,847000,846092,..,..,..,..,1267904
I51,"Full-time equivalent telecommunication employees, total ",COL,Colombia,..,..,..,..,..,..,..,..,..,..,..,..,..,..,..,13300,13950,13950,14380,14380,15200,23097,..,22947,23804,24398,24392,24312,25148,25202,25113,25200,25420,25420,25780,20929,20342,25455,35350,44098,39100,32197,..,..,..,..,..,..,..,106522,..,49364,51945,..,..
I51,"Full-time equivalent telecommunication employees, total ",COM,Comoros,..,..,..,..,..,..,..,..,..,..,..,..,..,..,..,..,..,..,..,..,..,..,..,..,..,..,..,..,186,224,230,236,230,199,122,136,148,140,140,125,123,121,150,172,..,606,515,628,778,887,1017,1132,1316,..,..
I51,"Full-time equivalent telecommunication employees, total ",COG,Congo,..,..,..,..,..,..,..,..,..,..,..,..,..,..,..,..,..,..,..,..,..,..,..,915,920,..,1087,1536,1087,1046,1040,1008,..,885,921,921,..,..,..,..,..,..,..,..,..,..,..,..,..,1320,1185,1239,..,..,..
I51,"Full-time equivalent telecommunication employees, total ",ZAR,Congo (Democratic Republic of the),..,..,..,..,..,..,..,..,..,..,..,..,..,..,..,..,..,..,..,..,..,..,..,8000,8000,..,..,..,6569,..,..,..,..,..,..,1900,..,..,..,..,..,..,..,3900,1779,1931,1477,1818,2027,1870,2142,1718,2068,2000,2500
I51,"Full-time equivalent telecommunication employees, total ",CRI,Costa Rica,..,..,..,..,..,..,..,..,..,..,..,..,..,..,..,2020,1980,2080,2310,2720,2650,2684,2649,2755,2824,3059,3168,3162,3174,3260,3267,3210,3325,3927,4412,4526,4497,4409,4492,4517,4807,4137,4876,4965,5840,5422,5572,6265,6694,6926,8296,9618,9900,10442,11002
I51,"Full-time equivalent telecommunication employees, total ",CIV,Cote d'Ivoire,..,..,..,..,..,..,..,..,..,..,..,..,..,..,..,..,..,..,..,..,2879,..,..,..,..,..,3854,3939,4010,3875,3925,3887,3812,3779,3730,3596,3408,3567,3641,3720,3897,3837,3702,3408,2850,2950,3000,3260,3306,3984,3793,3622,3592,3396,3451
I51,"Full-time equivalent telecommunication employees, total ",HRV,Croatia,..,..,..,..,..,..,..,..,..,..,..,..,..,..,..,..,..,..,..,..,..,..,..,..,..,..,..,..,..,..,8853,8538,8785,9008,9109,9486,9842,10373,10930,10842,..,..,10700,11000,11600,10250,9950,8850,8700,8350,8286,8575,8282,8190,7481
I51,"Full-time equivalent telecommunication employees, total ",CUB,Cuba,..,..,..,..,..,..,..,..,..,..,..,..,..,..,..,..,..,..,..,..,..,..,..,..,..,..,..,..,..,..,21700,13691,16900,17353,15686,15686,15550,15580,16472,15033,16724,16700,16685,17617,17288,16970,..,16556,16359,16751,16735,15988,15336,16008,16716
I51,"Full-time equivalent telecommunication employees, total ",CUW,Curacao,..,..,..,..,..,..,..,..,..,..,..,..,..,..,..,..,..,..,..,..,..,..,..,..,..,..,..,..,..,..,..,..,..,..,..,..,..,..,..,..,..,..,..,..,..,..,..,..,..,..,..,..,..,..,..
I51,"Full-time equivalent telecommunication employees, total ",CYP,Cyprus,..,..,..,..,..,..,..,..,..,..,..,..,..,..,..,..,..,..,..,..,..,1804,1967,2079,2062,2012,2048,2060,2246,2239,2308,2325,2354,2352,2354,2353,2341,2379,2395,2392,2403,2426,2417,2410,2506,..,2895,3138,3021,3178,3157,3179,3143,3107,2808
I51,"Full-time equivalent telecommunication employees, total ",CZE,Czech Republic,..,..,..,..,..,..,..,..,..,..,..,..,..,..,..,..,..,..,..,..,..,..,..,..,..,..,..,..,..,..,..,28870,24821,25113,28879,29847,27148,27218,24490,23685,23560,24529,24012,22755,20330,19527,17374,19002,19750,19414,21600,20100,19600,18000,17800
I51,"Full-time equivalent telecommunication employees, total ",PRK,Dem. People's Rep. of Korea,..,..,..,..,..,..,..,..,..,..,..,..,..,..,..,..,..,..,..,..,..,..,..,..,..,..,..,..,..,19000,..,..,..,15000,..,..,..,..,..,..,..,..,..,..,..,..,..,..,..,..,..,..,..,..,..
I51,"Full-time equivalent telecommunication employees, total ",DNK,Denmark,..,..,..,..,..,16075,..,..,..,..,12326,..,..,..,..,11681,11833,11902,11950,12396,12665,12734,12685,12668,17024,17024,18492,18997,18556,18110,17710,17849,17195,16355,16280,16081,16126,17170,17336,19750,21330,22405,21873,20471,19739,18561,16597,17700,17244,16595,15740,14949,14104,13607,12950
I51,"Full-time equivalent telecommunication employees, total ",DJI,Djibouti,..,..,..,..,..,..,..,..,..,..,..,..,..,..,..,..,..,..,..,..,1730,..,244,283,285,376,372,377,463,479,473,473,456,480,480,480,514,472,437,395,525,557,..,588,600,650,647,707,811,867,936,1088,..,..,..
I51,"Full-time equivalent telecommunication employees, total ",DMA,Dominica,..,..,..,..,..,..,..,..,..,..,..,..,..,..,..,..,..,..,..,..,..,..,..,115,159,..,..,..,..,..,205,..,216,215,215,221,222,..,173,168,..,..,..,..,..,..,294,273,301,271,185,..,..,213,..
I51,"Full-time equivalent telecommunication employees, total ",DOM,Dominican Rep.,..,..,..,..,..,..,..,..,..,..,..,..,..,..,..,..,..,..,..,..,1902,1887,1770,1730,1863,2000,2770,3514,..,6191,..,6086,7110,6989,5730,5000,4200,4131,3812,..,16235,..,..,..,..,..,..,..,..,6982,7104,8468,8866,9334,8192
I51,"Full-time equivalent telecommunication employees, total ",ECU,Ecuador,..,..,..,..,..,..,..,..,..,..,..,..,..,..,..,..,..,4628,4627,4725,4696,5400,5447,5278,5942,5971,5991,6027,5931,6093,6605,6628,6637,5577,5198,4594,5064,5700,6824,6901,6981,4865,..,..,7735,12000,20000,..,..,..,..,9792,10165,11057,10555
I51,"Full-time equivalent telecommunication employees, total ",EGY,Egypt,..,..,..,..,..,..,..,..,..,..,..,..,..,..,..,..,..,..,..,..,..,..,51105,55666,59951,..,57617,53243,53991,55505,54590,54419,52705,52890,52383,52291,51750,51981,55647,55524,54922,54810,53108,53108,54657,52533,59485,62119,65661,65585,64015,63233,65619,64166,63518
I51,"Full-time equivalent telecommunication employees, total ",SLV,El Salvador,..,..,..,..,..,..,..,..,..,..,..,..,..,..,..,..,..,..,..,..,..,4979,4201,5449,5756,5675,5753,5895,6000,6502,7223,7079,6692,6869,6813,5800,5426,5382,4336,4078,4235,3859,3568,3325,3137,2862,2997,4357,3529,3153,..,2897,..,..,3302
I51,"Full-time equivalent telecommunication employees, total ",GNQ,Equatorial Guinea,..,..,..,..,..,..,..,..,..,..,..,..,..,..,..,..,..,..,..,..,..,..,..,..,..,..,..,..,..,..,..,..,341,300,296,300,109,110,124,150,170,200,..,..,..,..,..,..,..,..,..,..,..,..,..
I51,"Full-time equivalent telecommunication employees, total ",ERI,Eritrea,..,..,..,..,..,..,..,..,..,..,..,..,..,..,..,..,..,..,..,..,..,..,..,..,..,..,..,..,..,..,..,..,519,521,556,624,660,628,578,463,453,476,641,638,832,977,1084,1160,1271,1528,1612,1638,1918,1929,..
I51,"Full-time equivalent telecommunication employees, total ",EST,Estonia,..,..,..,..,..,..,..,..,..,..,..,..,..,..,..,..,..,..,..,..,..,..,..,..,..,..,..,..,..,..,..,4780,4770,4373,4380,4088,3784,3755,3671,2702,3047,2319,3500,2845,2759,2943,3078,3504,4076,3270,3193,3638,3887,3657,3788
I51,"Full-time equivalent telecommunication employees, total ",ETH,Ethiopia,..,..,..,..,..,..,..,..,..,..,..,..,..,..,..,3500,3910,4110,4320,4510,4605,4691,4825,4940,5036,5188,5295,5403,5593,5884,5930,6004,5492,5296,5222,5496,5463,5619,6086,6573,7083,7370,7580,7913,8619,9778,11234,11644,12260,12384,12842,8560,8593,..,11966
I51,"Full-time equivalent telecommunication employees, total ",FRO,Faroe Islands,..,..,..,..,..,..,..,..,..,..,..,..,..,..,..,..,..,..,..,..,..,..,..,112,120,..,126,141,182,185,179,176,175,195,185,177,182,197,197,219,236,246,257,258,268,290,300,300,290,280,250,240,235,..,..
I51,"Full-time equivalent telecommunication employees, total ",FJI,Fiji,..,..,..,..,..,..,..,..,..,..,..,..,..,..,..,..,..,878,951,1001,1091,1195,1271,1283,1274,1356,1315,1572,1518,1450,935,935,950,950,1106,1068,1061,1096,1183,1197,1354,1585,2000,..,..,..,..,..,..,..,..,..,..,672,..
I51,"Full-time equivalent telecommunication employees, total ",FIN,Finland,..,..,..,..,..,..,..,..,..,..,..,..,..,..,..,..,..,..,..,..,20765,20877,21009,20882,20864,20916,20828,20918,20794,20647,20067,19112,16120,15153,15698,16405,16856,17976,19448,21601,24190,25015,22004,17433,17422,16385,14487,13385,11969,..,..,..,..,..,..
I51,"Full-time equivalent telecommunication employees, total ",FRA,France,..,..,..,..,..,..,..,..,..,..,..,..,..,..,..,..,..,142000,150000,158000,156400,159800,163900,165300,166200,166788,165198,163682,159521,157313,155814,156110,155300,154900,152455,168072,166147,164511,155992,155297,154522,151191,146200,138716,142296,140410,133114,129900,126100,124009,126557,128820,129060,125040,121876
I51,"Full-time equivalent telecommunication employees, total ",GUF,French Guiana,..,..,..,..,..,..,..,..,..,..,..,..,..,..,..,..,135,134,137,144,157,214,227,237,239,255,255,253,268,270,281,283,..,..,..,..,..,..,264,256,..,..,..,..,..,..,..,..,..,..,..,..,..,..,..
I51,"Full-time equivalent telecommunication employees, total ",PYF,French Polynesia,..,..,..,..,..,..,..,..,..,..,..,..,..,..,..,120,142,148,171,182,185,215,268,290,311,329,348,369,..,..,681,704,789,813,826,820,817,871,799,850,888,927,913,..,..,..,..,..,..,..,..,..,..,768,785
I51,"Full-time equivalent telecommunication employees, total ",GAB,Gabon,..,..,..,..,..,..,..,..,..,..,..,..,..,..,..,..,..,..,..,..,..,..,..,448,500,..,..,..,..,..,796,665,713,745,791,800,788,773,1113,1062,1062,1152,1934,2101,2165,..,..,..,..,..,..,..,..,..,..
I51,"Full-time equivalent telecommunication employees, total ",GMB,Gambia,..,..,..,..,..,..,..,..,..,..,..,..,..,..,..,..,..,..,..,..,..,..,..,..,370,390,410,..,436,525,547,685,695,630,758,766,759,892,888,928,940,960,1114,..,..,..,..,1823,..,2139,2384,2428,..,..,2177
I51,"Full-time equivalent telecommunication employees, total ",GEO,Georgia,..,..,..,..,..,..,..,..,..,..,..,..,..,..,..,..,..,..,..,..,..,..,..,..,..,..,..,..,..,..,14000,13900,14000,13960,13400,7700,8606,9148,9155,9965,10214,10202,16500,..,8970,8850,..,8900,..,..,8883,9361,10318,11642,12087
I51,"Full-time equivalent telecommunication employees, total ",DEU,Germany,..,..,..,..,..,..,..,..,..,..,..,..,..,..,..,185000,177000,178000,183000,190000,195000,199774,203751,204718,207693,212364,214349,216020,216156,216210,212205,230000,232600,233600,227600,229700,222000,219200,220000,221400,240700,240500,231500,230600,225300,224100,214700,204600,188100,184200,176900,175200,173000,170000,169000
I51,"Full-time equivalent telecommunication employees, total ",GHA,Ghana,..,..,..,..,..,..,..,..,..,..,..,..,..,..,..,..,..,..,..,..,..,..,..,5100,4854,..,4431,4431,4454,4468,4456,3711,3880,3811,3729,3377,3452,3555,3469,3606,3777,3959,4833,4885,..,5678,..,6328,6581,4904,4707,4779,4975,..,..
I51,"Full-time equivalent telecommunication employees, total ",GIB,Gibraltar,..,..,..,..,..,..,..,..,..,..,..,..,..,..,..,..,..,..,..,..,..,..,..,..,..,..,..,..,..,..,101,148,101,101,101,101,100,97,96,99,107,149,149,..,..,..,..,..,..,..,..,..,..,..,..
I51,"Full-time equivalent telecommunication employees, total ",GRC,Greece,..,..,..,..,..,..,..,..,..,..,..,..,..,..,..,24900,26800,28600,28700,28800,30200,31680,31148,30995,30602,30571,29595,29444,30327,29654,28086,27593,26716,26349,26140,24581,23808,22741,21925,21588,25717,26033,24700,26608,26347,24420,22397,22831,23352,22112,21779,21954,18831,15781,15687
I51,"Full-time equivalent telecommunication employees, total ",GRL,Greenland,..,..,..,..,..,..,..,..,..,..,..,..,..,..,..,..,..,..,..,..,..,..,..,..,..,..,..,..,..,503,501,462,468,449,454,444,444,436,629,618,648,648,437,..,..,..,..,..,358,378,389,374,360,..,..
I51,"Full-time equivalent telecommunication employees, total ",GRD,Grenada,..,..,..,..,..,..,..,..,..,..,..,..,..,..,..,..,..,..,..,..,85,90,..,32,28,29,..,..,..,..,211,199,213,241,245,272,260,278,267,269,267,212,..,..,..,..,207,216,204,298,273,..,..,..,187
I51,"Full-time equivalent telecommunication employees, total ",GUM,Guam,..,..,..,..,..,..,..,..,..,..,..,..,..,..,..,..,..,..,..,..,..,..,..,..,..,..,..,..,..,..,..,..,428,440,435,382,443,463,..,..,..,402,..,..,..,..,..,..,..,..,..,..,..,..,..
I51,"Full-time equivalent telecommunication employees, total ",GTM,Guatemala,..,..,..,..,..,..,..,..,..,..,..,..,..,..,..,..,..,..,..,..,3563,3600,3900,3682,4007,4492,4518,4623,4931,5181,4862,4749,4939,5333,6032,5537,5496,5204,2881,3786,3534,3205,..,..,..,..,..,..,..,..,..,..,..,..,..
I51,"Full-time equivalent telecommunication employees, total ",AAA,Guernsey,..,..,..,..,..,..,..,..,..,..,..,..,..,..,..,..,..,..,..,..,..,..,..,..,..,..,..,..,..,..,271,268,262,264,263,263,274,274,273,279,281,292,..,..,..,..,..,..,..,..,..,..,..,..,..
I51,"Full-time equivalent telecommunication employees, total ",GIN,Guinea,..,..,..,..,..,..,..,..,..,..,..,..,..,..,..,..,..,..,..,..,..,..,..,1373,1380,..,..,..,1400,1623,1157,1090,1083,844,853,854,846,836,816,831,810,806,780,..,..,..,..,..,..,..,..,..,5765,..,..
I51,"Full-time equivalent telecommunication employees, total ",GNB,Guinea-Bissau,..,..,..,..,..,..,..,..,..,..,..,..,..,..,..,..,..,..,..,..,..,..,..,..,..,..,..,..,195,285,225,265,282,268,254,295,250,239,237,228,243,..,..,..,..,..,..,..,..,..,..,..,..,..,..
I51,"Full-time equivalent telecommunication employees, total ",GUY,Guyana,..,..,..,..,..,..,..,..,..,..,..,..,..,..,..,..,..,..,..,..,1233,1250,..,1220,1200,1190,1190,..,..,..,1133,1000,1000,635,717,726,745,723,713,670,658,645,650,650,625,..,..,750,804,806,722,..,..,..,..
I51,"Full-time equivalent telecommunication employees, total ",HTI,Haiti,..,..,..,..,..,..,..,..,..,..,..,..,..,..,..,..,..,..,..,..,..,1000,..,..,..,..,..,..,1776,..,2040,2040,2040,..,2800,2600,2600,2800,3000,3500,4000,4500,5000,5000,..,..,..,..,..,..,..,..,..,..,..
I51,"Full-time equivalent telecommunication employees, total ",HND,Honduras,..,..,..,..,..,..,..,..,..,..,..,..,..,..,..,..,..,..,..,..,2525,3149,3215,3352,3442,3447,3662,4078,4188,4293,4349,4437,4421,4400,4801,4730,4544,4758,4486,4444,4232,3465,5167,4760,5892,9474,10598,12796,..,..,8604,8288,7017,11579,10955
I51,"Full-time equivalent telecommunication employees, total ",HKG,"Hong Kong, China",..,..,..,..,..,..,..,..,..,..,..,..,..,..,..,7463,7512,8344,8956,9895,11025,11943,15460,15371,15361,20583,20012,20653,23128,25658,28014,26006,30374,30541,34274,36129,39363,36565,35780,36453,38625,26042,17756,20684,19240,18701,15862,16054,15995,17437,17039,18048,18372,18209,18177
I51,"Full-time equivalent telecommunication employees, total ",HUN,Hungary,43633,..,..,..,..,46957,..,..,..,..,54252,..,..,..,..,59548,55000,55000,56000,58000,64510,64630,65585,66465,67408,68642,70968,71946,72509,21352,22052,21860,20458,24169,23797,22373,20014,21765,21350,21526,20847,20618,20784,19508,18351,15708,14269,14156,13589,..,..,..,..,..,..
I51,"Full-time equivalent telecommunication employees, total ",ISL,Iceland,..,..,..,..,..,..,..,..,..,..,..,..,..,..,..,1350,1420,1400,1380,1360,1320,1059,1480,1462,1482,1469,1476,1487,1500,2313,959,985,995,995,1003,1010,999,932,1179,1333,1379,1305,..,..,1567,1516,1440,1620,1337,1323,1269,1251,1238,1204,1461
I51,"Full-time equivalent telecommunication employees, total ",IND,India,..,..,..,..,..,..,..,..,..,..,..,..,..,..,..,216766,231231,239103,248975,263659,280439,258187,283221,298463,303382,305883,312303,343478,362000,370000,374970,372820,384933,395064,418695,421058,428835,425303,424007,421360,423027,416642,..,..,..,..,..,..,..,..,..,..,..,..,..
I51,"Full-time equivalent telecommunication employees, total ",IDN,Indonesia,..,..,..,..,..,..,..,..,..,..,..,..,..,..,..,23800,26000,25100,26000,26700,26900,26660,28486,29973,36562,37411,40344,42328,41567,41815,41054,41134,41002,40810,44190,39839,40009,40309,40468,40317,39908,39820,40934,37150,37195,..,..,..,..,..,..,51729,..,..,..
I51,"Full-time equivalent telecommunication employees, total ",IRN,Iran (Islamic Rep. of),..,..,..,..,..,..,..,..,..,..,..,..,..,..,..,..,..,..,..,..,..,35898,..,32160,33249,38660,..,47094,48465,57237,64244,65424,64325,61370,58051,51341,48136,47691,47612,47392,47314,47641,47325,46164,44277,42918,41614,..,..,..,32842,34982,35513,40991,54474
I51,"Full-time equivalent telecommunication employees, total ",IRQ,Iraq,..,..,..,..,..,..,..,..,..,..,..,..,..,..,..,..,..,..,..,..,..,..,15868,14354,14000,13319,13095,12778,13386,..,..,..,..,..,..,..,..,..,..,..,..,..,..,..,..,16081,15918,16343,16363,17289,17464,..,..,..,..
I51,"Full-time equivalent telecommunication employees, total ",IRL,Ireland,..,..,..,..,..,..,..,..,..,..,..,..,..,..,..,..,..,13990,15230,15180,19650,17996,18932,18205,17510,16165,15298,14615,14269,14215,13544,13425,13033,13069,12662,11707,11560,10995,12055,15000,17450,16300,14900,14656,14467,..,..,..,..,13200,12700,11400,11000,9600,9440
I51,"Full-time equivalent telecommunication employees, total ",ISR,Israel,..,..,..,..,..,..,..,..,..,..,..,..,..,..,..,9200,9020,8780,875,8680,8230,7801,8095,8137,8335,8347,8875,9028,9340,9201,9552,10082,10345,10148,9855,8987,8621,8335,7484,6816,11940,12180,14007,14402,14618,..,..,..,..,..,..,35374.08,..,..,..
I51,"Full-time equivalent telecommunication employees, total ",ITA,Italy,..,..,..,..,..,..,..,..,..,..,..,..,..,..,..,100000,101000,100000,101000,102000,104000,104000,104480,107040,108782,109792,110232,109680,113676,116391,117986,120300,120000,111500,105500,101900,100005,94101,92050,79029,75805,..,..,87954,94022,86531,85903,69836,86471,80044,75371,70325,66949,65206,..
I51,"Full-time equivalent telecommunication employees, total ",JAM,Jamaica,..,..,..,..,..,..,..,..,..,..,..,..,..,..,..,..,..,..,..,..,2000,..,..,2000,2100,..,2369,2345,..,3585,3912,3462,3686,4166,4229,4212,4095,3911,3570,3189,3207,2599,2387,3000,..,..,..,..,..,..,..,..,..,..,..
I51,"Full-time equivalent telecommunication employees, total ",JPN,Japan,..,..,..,..,..,..,..,..,..,..,..,..,..,..,..,323000,328000,332000,334000,335000,333686,333954,329500,324600,320900,311316,305077,300000,286000,276992,272253,266053,252970,240352,220686,218416,217153,183227,177108,173387,155154,266471,202779,114440,120087,120000,121349,116912,112454,81290,69045,81274,82162,..,..
I51,"Full-time equivalent telecommunication employees, total ",GBJ,Jersey,..,..,..,..,..,..,..,..,..,..,..,..,..,..,..,370,310,290,280,270,290,..,..,292,302,..,..,..,..,..,..,..,302,302,313,321,321,328,334,407,428,450,..,..,..,..,..,..,..,..,..,..,..,..,..
I51,"Full-time equivalent telecommunication employees, total ",JOR,Jordan,..,..,..,..,..,..,..,..,..,..,..,..,..,..,..,..,..,..,..,..,2915,3045,3310,3265,3249,3315,3324,3389,3842,3475,3436,3461,3553,3787,4317,4652,4883,5263,5615,5809,6200,6318,6177,5251,5094,5325,5392,5219,5280,5756,4739,4600,4596,4214,4304
I51,"Full-time equivalent telecommunication employees, total ",KAZ,Kazakhstan,..,..,..,..,..,..,..,..,..,..,..,..,..,..,..,..,..,..,..,..,..,..,..,..,..,..,..,..,..,..,..,38845,41500,45470,46996,50678,45960,44100,37887,33301,30870,31177,32193,33006,51100,..,51043,50490,72500,51298,50700,51300,52100,50600,48100
I51,"Full-time equivalent telecommunication employees, total ",KEN,Kenya,..,..,..,..,..,..,..,..,..,..,..,..,..,..,..,..,..,..,..,..,5356,6210,7890,8170,9250,9870,10520,11634,12175,12714,12958,13000,13000,16767,14236,13978,12158,13741,18831,19829,20025,19337,18756,18756,20162,22197,9260,6519,7201,7868,7071,7689,6765,6891,7863
I51,"Full-time equivalent telecommunication employees, total ",KIR,Kiribati,..,..,..,..,..,..,..,..,..,..,..,..,..,..,..,..,..,..,..,..,..,..,108,123,126,120,..,128,120,..,98,96,93,99,101,103,120,123,124,122,130,156,..,..,..,..,..,..,..,..,..,..,..,..,..
I51,"Full-time equivalent telecommunication employees, total ",KOR,Korea (Rep. of),..,..,..,..,..,..,..,..,..,..,..,..,..,..,..,..,..,..,..,..,..,..,36968,42761,45205,47688,50101,51806,52073,53319,55457,57943,59261,59907,60058,62078,70712,73323,69591,68959,69465,68779,109402,103574,89695,93292,96262,103438,110741,109729,113482,117445,119215,121048,119473
I51,"Full-time equivalent telecommunication employees, total ",KWT,Kuwait,..,..,..,..,..,..,..,..,..,..,..,..,..,..,..,..,..,..,..,..,3520,6400,6680,6746,6723,6663,6646,6672,6872,6888,..,6632,7425,7430,7350,7292,7485,8397,8653,7632,7695,7378,7294,7321,7386,7477,..,..,..,..,..,..,..,..,..
I51,"Full-time equivalent telecommunication employees, total ",KGZ,Kyrgyzstan,..,..,..,..,..,..,..,..,..,..,..,..,..,..,..,..,..,..,..,..,..,..,..,..,..,..,..,..,..,..,13343,13387,12376,7830,7763,7000,6727,6722,6685,7162,7263,7740,7803,7536,7443,7340,6900,8518,13652,13834,13049,13162,11756,11101,10486
I51,"Full-time equivalent telecommunication employees, total ",LAO,Lao P.D.R.,..,..,..,..,..,..,..,..,..,..,..,..,..,..,..,..,..,..,..,..,..,..,..,..,282,269,300,760,793,758,776,620,604,641,601,855,910,1074,1075,1138,1140,1359,1379,1400,1416,1439,1472,2300,2400,2600,2767,2366,2449,4963,5290
I51,"Full-time equivalent telecommunication employees, total ",LVA,Latvia,..,..,..,..,..,..,..,..,..,..,..,..,..,..,..,..,..,..,..,..,..,..,..,..,..,..,..,..,..,..,..,7109,7103,7076,7104,6605,6365,5350,4889,4555,4322,4041,3904,2903,2814,3561,4077,4890,4798,4333,..,4314,4432,4457,4241
I51,"Full-time equivalent telecommunication employees, total ",LBN,Lebanon,..,..,..,..,..,..,..,..,..,..,..,..,..,..,..,..,..,..,..,..,..,..,..,..,..,..,..,..,..,..,..,4300,4500,4000,3500,3500,4000,5000,5000,5700,..,..,..,..,..,..,..,..,..,..,..,..,..,..,..
I51,"Full-time equivalent telecommunication employees, total ",LSO,Lesotho,..,..,..,..,..,..,..,..,..,..,..,..,..,..,..,..,..,..,..,..,559,..,..,530,531,532,572,623,632,728,772,834,818,796,820,796,850,632,425,357,349,349,359,359,274,268,..,..,..,..,148,210,364,..,294
I51,"Full-time equivalent telecommunication employees, total ",LBR,Liberia,..,..,..,..,..,..,..,..,..,..,..,..,..,..,..,..,..,..,..,..,..,..,..,..,..,..,..,..,1006,1043,1012,449,527,..,..,610,670,722,..,..,..,..,..,..,..,..,..,..,..,..,..,..,817,867,..
I51,"Full-time equivalent telecommunication employees, total ",LBY,Libya,..,..,..,..,..,..,..,..,..,..,..,..,..,..,..,..,..,..,..,..,..,..,..,7000,7200,..,..,7782,..,..,8000,..,8886,..,..,10000,12000,13000,14000,14000,14000,..,..,..,..,..,2817,..,..,..,..,..,..,..,..
I51,"Full-time equivalent telecommunication employees, total ",LIE,Liechtenstein,..,..,..,..,..,..,..,..,..,..,..,..,..,..,..,..,..,..,..,..,..,..,..,..,..,..,..,..,..,..,..,..,18,20,20,20,20,20,65,80,100,105,110,..,..,..,140,140,..,..,..,..,..,..,132
I51,"Full-time equivalent telecommunication employees, total ",LTU,Lithuania,..,..,..,..,..,..,..,..,..,..,..,..,..,..,..,..,..,..,..,..,..,..,..,..,..,..,..,..,..,..,..,9400,9659,9750,9880,9855,9890,9896,9196,6956,6042,5303,..,..,..,..,13800,14200,..,..,23900,6604,6597,6488,..
I51,"Full-time equivalent telecommunication employees, total ",LUX,Luxembourg,..,..,..,..,..,..,..,..,..,..,..,..,..,..,..,540,563,593,621,631,629,634,639,651,569,675,745,750,775,780,812,845,850,860,870,800,816,828,866,877,888,1487,..,1660,1360,1400,1350,1350,1400,1600,1615,..,1785,1939,2530
I51,"Full-time equivalent telecommunication employees, total ",MAC,"Macao, China",..,..,..,..,..,..,..,..,..,..,..,..,..,..,..,..,..,..,..,..,..,..,479,614,610,..,570,551,597,665,751,905,919,1011,1027,977,990,992,957,955,1002,1235,1037,1031,1090,1111,1200,1184,1208,1211,1229,1193,1335,1448,1576
I51,"Full-time equivalent telecommunication employees, total ",MDG,Madagascar,..,..,..,..,..,..,..,..,..,..,..,..,..,..,..,..,..,..,..,..,..,..,..,2700,2711,..,3367,..,2381,..,3069,3400,3400,2475,2815,3157,3285,2874,2888,2879,2663,2491,2387,2313,..,..,2985,2758,2581,2323,2452,2325,2361,2560,2587
I51,"Full-time equivalent telecommunication employees, total ",MWI,Malawi,..,..,..,..,..,..,..,..,..,..,..,..,..,..,..,..,..,..,..,..,565,693,803,1005,999,1203,1248,1214,1553,1630,1630,2031,2031,4002,4002,4002,4500,4700,4800,5000,2914,3180,3218,..,..,..,..,..,..,..,..,..,..,..,..
I51,"Full-time equivalent telecommunication employees, total ",MYS,Malaysia,..,..,..,..,..,..,..,..,..,..,..,..,..,..,..,..,..,..,18300,20600,22200,26970,29810,30311,30244,29398,28059,28315,28168,28041,28075,28797,29577,30186,29575,28846,27516,27484,27089,25442,24789,21237,20708,24368,24754,41866,..,..,..,..,..,..,..,61390,..
I51,"Full-time equivalent telecommunication employees, total ",MDV,Maldives,..,..,..,..,..,..,..,..,..,..,..,..,..,..,..,..,..,..,..,..,..,114,..,..,150,166,..,..,..,..,240,254,268,302,337,384,445,399,497,550,532,523,519,516,516,..,..,982,..,..,..,..,1044,..,..
I51,"Full-time equivalent telecommunication employees, total ",MLI,Mali,..,..,..,..,..,..,..,..,..,..,..,..,..,..,..,..,..,..,..,..,..,..,..,..,..,..,..,..,1244,1294,1555,1465,1421,1402,1350,1338,1357,1360,1325,1353,1357,1364,1533,1600,1684,1713,1788,1752,1710,1111,1167,1140,1113,1160,1136
I51,"Full-time equivalent telecommunication employees, total ",MLT,Malta,..,..,..,..,..,..,..,..,..,..,..,..,..,..,..,..,..,510,605,868,1080,1371,1386,1412,1412,1496,1568,1606,1613,1776,1764,1938,1893,1863,1846,1826,1833,1754,1678,1911,1975,1977,1835,1730,1748,1837,1916,..,1793,1744,1755,1687,1589,1541,1545
I51,"Full-time equivalent telecommunication employees, total ",MHL,Marshall Islands,..,..,..,..,..,..,..,..,..,..,..,..,..,..,..,..,..,..,..,..,..,..,..,..,..,..,..,..,..,..,64,74,85,113,111,111,114,114,112,111,101,103,110,110,..,..,..,..,..,..,..,..,..,..,..
I51,"Full-time equivalent telecommunication employees, total ",MRT,Mauritania,..,..,..,..,..,..,..,..,..,..,..,..,..,..,..,..,..,..,..,..,..,..,374,378,380,..,..,..,345,..,399,392,400,410,456,451,443,456,454,480,720,735,783,730,773,784,861,..,763,763,809,787,753,..,..
I51,"Full-time equivalent telecommunication employees, total ",MUS,Mauritius,..,..,..,..,..,..,..,..,..,..,..,..,..,..,..,723,990,1102,1104,1116,1117,1117,..,961,1132,1016,..,920,1232,941,1339,1337,1391,1420,1465,1673,1729,1801,1839,1770,1838,1859,1811,1592,1997,2061,..,..,..,..,..,..,1209,..,14747
I51,"Full-time equivalent telecommunication employees, total ",MEX,Mexico,..,..,..,..,..,..,..,..,..,..,..,..,..,..,..,20660,22078,23405,24870,26006,27568,29566,31385,32509,34689,37487,40662,44700,49995,49203,49912,49488,48937,48771,48810,49016,54758,63229,74781,88684,..,94655,90503,89913,92858,100892,101396,109639,116553,120072,123534,128934,132567,..,..
I51,"Full-time equivalent telecommunication employees, total ",FSM,Micronesia (Fed. States of),..,..,..,..,..,..,..,..,..,..,..,..,..,..,..,..,..,..,..,..,..,..,..,..,..,..,..,..,..,..,121,128,130,137,142,139,134,135,134,127,130,132,134,138,..,..,148,152,..,..,..,..,..,..,..
I51,"Full-time equivalent telecommunication employees, total ",MDA,Moldova,..,..,..,..,..,..,..,..,..,..,..,..,..,..,..,..,..,..,..,..,..,..,..,..,..,..,..,..,..,..,..,8407,7000,6703,7322,7524,7606,7739,7754,7600,7414,7243,7474,7484,7502,8077,9480,10063,10361,11072,9386,8537,7883,7586,7604
I51,"Full-time equivalent telecommunication employees, total ",MCO,Monaco,..,..,..,..,..,..,..,..,..,..,..,..,..,..,..,..,..,..,..,..,102,..,109,109,109,109,..,..,..,..,..,..,..,134,135,135,142,160,170,183,200,356,..,..,..,..,..,..,..,..,..,276,288,278,277
I51,"Full-time equivalent telecommunication employees, total ",MNG,Mongolia,..,..,..,..,..,..,..,..,..,..,..,..,..,..,..,..,..,..,..,..,..,..,..,..,..,..,..,..,..,..,5800,6000,6022,5649,5374,5300,5100,5000,4853,4639,4556,4508,4206,3935,4680,4860,6850,6950,5000,7150,7260,7650,7905,..,..
I51,"Full-time equivalent telecommunication employees, total ",MNE,Montenegro,..,..,..,..,..,..,..,..,..,..,..,..,..,..,..,..,..,..,..,..,..,..,..,..,..,..,..,..,..,..,..,..,..,..,..,..,..,..,..,..,..,..,..,..,..,..,..,..,..,..,..,..,..,..,..
I51,"Full-time equivalent telecommunication employees, total ",MAR,Morocco,..,..,..,..,..,..,..,..,..,..,..,..,..,..,..,..,..,..,..,..,..,..,5223,5139,6100,6284,6437,6919,7033,7734,8317,10347,11484,12632,13396,14626,14772,14208,14150,14068,14511,16200,13089,12910,12963,..,..,12434,12776,12932,12901,12943,11557,11437,11196
I51,"Full-time equivalent telecommunication employees, total ",MOZ,Mozambique,..,..,..,..,..,..,..,..,..,..,..,..,..,..,..,10430000,10870000,11310000,11760000,12205000,..,1950,2049,2000,2140,2403,2416,2373,2997,2932,2743,2590,2640,2486,2418,2486,2416,2202,2257,2240,2287,2308,2136,2078,1982,2599,2455,2457,2492,2491,4466,4521,..,..,..
I51,"Full-time equivalent telecommunication employees, total ",MMR,Myanmar,..,..,..,..,..,..,..,..,..,..,..,..,..,..,..,..,..,..,..,..,..,..,..,6927,6900,..,5437,5714,6927,6397,6478,6500,5367,5858,6053,7082,7204,7453,7630,7780,7780,7956,7918,7863,7866,7806,13295,13450,13130,12695,..,12107,..,..,..
I51,"Full-time equivalent telecommunication employees, total ",NAM,Namibia,..,..,..,..,..,..,..,..,..,..,..,..,..,..,..,..,..,..,..,..,..,..,..,..,..,..,..,..,..,2526,..,1709,1818,2300,2050,1879,1689,1673,1818,1728,1667,1654,1503,..,..,1350,..,..,..,1681,1670,1651,1679,1730,1680
I51,"Full-time equivalent telecommunication employees, total ",NRU,Nauru,..,..,..,..,..,..,..,..,..,..,..,..,..,..,..,..,..,..,..,..,..,42,42,44,47,48,48,..,50,..,..,..,55,55,55,..,58,55,50,..,..,..,..,..,..,..,..,..,..,..,..,..,..,..,..
I51,"Full-time equivalent telecommunication employees, total ",NPL,Nepal,..,..,..,..,..,..,..,..,..,..,..,..,..,..,..,..,..,..,..,..,..,..,2106,2290,2378,2546,..,2999,..,3424,3502,3546,3413,3599,3483,3877,4078,4151,4529,4679,4648,4633,4687,4772,4860,4903,6988,7024,..,9856,10235,..,5471,6629,7500
I51,"Full-time equivalent telecommunication employees, total ",NLD,Netherlands,..,..,..,..,..,..,..,..,..,..,..,..,..,..,..,25400,25695,26110,26766,27395,27902,27936,27457,27677,27760,28774,29674,29833,29142,28977,29262,30819,32327,31981,31671,30548,29690,33753,42300,48800,58500,..,..,..,..,..,..,..,..,..,..,..,..,..,..
I51,"Full-time equivalent telecommunication employees, total ",ANT,Netherlands Antilles,..,..,..,..,..,..,..,..,..,..,..,..,..,..,..,..,..,..,..,..,..,..,..,..,..,..,..,..,..,..,..,..,400,..,..,800,816,..,..,..,..,..,..,..,..,..,..,..,..,..,..,..,..,..,..
I51,"Full-time equivalent telecommunication employees, total ",NCL,New Caledonia,..,..,..,..,..,..,..,..,..,..,..,..,..,..,..,..,..,..,..,..,..,250,..,..,..,..,..,..,..,238,261,271,264,270,290,285,281,285,275,288,293,323,..,234,..,..,..,..,..,..,..,..,..,..,..
I51,"Full-time equivalent telecommunication employees, total ",NZL,New Zealand,..,..,..,..,..,..,..,..,..,..,..,..,..,..,..,22740,24660,24110,24440,24910,24890,24582,24284,24131,23051,23932,24165,23900,18144,16263,14925,13562,12338,9257,8308,8526,8710,8136,7799,6774,5353,5242,5074,5040,5019,6502,9647,10035,10537,10954,11379,11940,11062,11406,11164
I51,"Full-time equivalent telecommunication employees, total ",NIC,Nicaragua,..,..,..,..,..,..,..,..,..,..,..,..,..,..,..,..,..,..,..,..,3500,3661,..,3800,3971,..,..,..,..,..,3500,3088,3255,3154,3062,3204,3106,3110,2923,2318,2239,2135,2087,2013,..,..,..,..,..,..,..,..,..,..,..
I51,"Full-time equivalent telecommunication employees, total ",NER,Niger,..,..,..,..,..,..,..,..,..,..,..,..,..,..,..,..,..,..,..,..,..,916,1878,1400,1009,1107,..,..,1269,..,..,1178,1191,1175,1191,1195,1201,1411,1406,1389,1371,1338,979,1005,..,1062,..,..,..,..,..,..,..,..,..
I51,"Full-time equivalent telecommunication employees, total ",NGA,Nigeria,..,..,..,..,..,..,..,..,..,..,..,..,..,..,..,..,..,..,..,..,..,..,..,17000,17300,17622,21737,17295,17215,16895,16413,16207,15800,15096,14321,14251,14321,12865,11634,11350,11587,11528,12050,15792,..,..,..,..,..,..,..,9241,14477,13814,12549
I51,"Full-time equivalent telecommunication employees, total ",MNP,Northern Marianas Islands,..,..,..,..,..,..,..,..,..,..,..,..,..,..,..,..,..,..,..,..,..,..,..,..,..,..,..,..,..,..,..,..,120,107,109,116,..,..,..,..,..,..,..,..,..,..,..,..,..,..,..,..,..,..,..
I51,"Full-time equivalent telecommunication employees, total ",NOR,Norway,..,..,..,..,..,..,..,..,..,..,..,..,..,..,..,15700,16500,17300,17800,18100,18300,18123,17933,17897,17302,17168,17692,18373,16457,16252,15769,15168,14798,18561,16783,18771,19624,21268,22533,23851,22377,22214,15101,15338,15069,..,..,..,..,..,..,13024,12979,13134,15000
I51,"Full-time equivalent telecommunication employees, total ",OMN,Oman,..,..,..,..,..,..,..,..,..,..,..,..,..,..,..,..,..,..,..,..,1183,1336,1373,1497,1813,1895,1759,1767,1881,1969,1991,2067,2296,2446,2436,2454,2151,2108,2100,2070,2061,2050,2171,..,1799,2944,3142,3228,3612,3598,3720,3959,3819,3834,4007
I51,"Full-time equivalent telecommunication employees, total ",PAK,Pakistan,..,..,..,..,..,..,..,..,..,..,..,..,..,..,..,..,..,..,..,..,..,35920,36323,36667,37617,39123,41032,42790,44690,47502,49717,54084,49522,51589,47766,52116,54478,52853,54669,55400,66700,67300,69450,73200,76350,..,..,..,53377,51823,..,..,40820,39216,36526
I51,"Full-time equivalent telecommunication employees, total ",PLW,Palau,..,..,..,..,..,..,..,..,..,..,..,..,..,..,..,..,..,..,..,..,..,..,..,..,..,..,..,..,..,..,..,..,..,..,..,..,..,..,..,..,..,..,..,..,100,97,92,..,96,94,96,96,93,90,88
I51,"Full-time equivalent telecommunication employees, total ",WBG,Palestine,..,..,..,..,..,..,..,..,..,..,..,..,..,..,..,..,..,..,..,..,..,..,..,..,..,..,..,..,..,..,..,..,..,..,406,560,580,846,1382,1972,1701,1661,1604,1563,1529,1599,1623,1561,..,..,3022,3442,..,..,..
I51,"Full-time equivalent telecommunication employees, total ",PAN,Panama,..,..,..,..,..,..,..,..,..,..,..,..,..,..,..,..,..,..,..,..,3100,3290,3396,3485,3696,3791,3807,3814,3752,3707,3821,3711,3720,3666,3689,3632,3606,3689,4621,5380,5500,5623,5764,6173,6543,6562,6739,5719,6726,..,5885,5150,5162,5380,4585
I51,"Full-time equivalent telecommunication employees, total ",PNG,Papua New Guinea,..,..,..,..,..,..,..,..,..,..,..,..,..,..,..,1053,1317,1350,1335,1327,1464,1475,1339,1428,1957,1795,1675,3024,3256,1637,1428,1472,1545,1397,1695,2026,2047,..,1790,1790,1790,..,..,..,..,..,..,..,..,..,..,..,..,..,..
I51,"Full-time equivalent telecommunication employees, total ",PRY,Paraguay,..,..,..,..,..,..,..,..,..,..,..,..,..,..,..,2126,2131,2181,2432,2699,2944,3134,3350,3551,3978,4488,4698,4968,5110,7647,6978,6839,6715,6842,6695,6600,6342,6187,6125,5883,..,11733,..,..,..,..,4461,..,..,..,..,..,..,..,..
I51,"Full-time equivalent telecommunication employees, total ",PER,Peru,..,..,..,..,..,..,..,..,..,..,..,..,..,..,..,7420,7520,7560,..,..,..,..,11976,12356,12622,13286,13650,13719,15611,15926,15856,14201,12662,12051,8894,8456,6286,5836,6454,5735,6330,5429,..,10527,11007,11692,17909,..,..,26293,25201,25931,18721,20101,27091
I51,"Full-time equivalent telecommunication employees, total ",PHL,Philippines,..,..,..,..,..,..,..,..,..,..,..,..,..,..,..,12760,13720,15640,16920,23790,27220,28545,29358,28055,26046,13563,12589,13551,14586,16079,17243,17501,18387,19538,20312,19392,18273,15711,14073,18766,19747,21416,21392,21839,23389,..,..,..,..,18290,..,..,..,..,..
I51,"Full-time equivalent telecommunication employees, total ",POL,Poland,..,..,..,..,..,..,..,..,..,..,..,..,..,..,..,54600,56000,55800,56700,57900,59000,60000,60000,61500,62200,63000,63300,63900,64400,65000,65000,66548,68863,71500,72284,73267,73695,72875,73018,71892,69013,..,175385,161300,..,..,85193,83489,71728,71283,57792,60107,56461,64407,44699
I51,"Full-time equivalent telecommunication employees, total ",PRT,Portugal,..,..,..,..,..,..,..,..,..,..,..,..,..,..,..,19900,20300,21300,22400,22700,22800,22940,23800,23799,23252,23208,23229,22820,23053,23011,22969,23068,23440,22520,22761,21243,20900,20807,21476,19647,18481,18652,18125,15423,14778,13937,13404,12953,12801,12735,12678,12176,13957,13900,13670
I51,"Full-time equivalent telecommunication employees, total ",PRI,Puerto Rico,..,..,..,..,..,..,..,..,..,..,..,..,..,..,..,..,..,..,..,..,..,..,..,..,..,..,..,7269,7568,7662,9103,8962,8345,8217,7977,8102,7971,7863,..,..,5748,5093,..,..,..,..,..,..,9937,9842,9302,9234,9571,8061,9230
I51,"Full-time equivalent telecommunication employees, total ",QAT,Qatar,..,..,..,..,..,..,..,..,..,..,..,..,..,..,..,..,..,..,..,..,..,..,1454,1469,1522,1228,1400,1376,1408,1474,1481,1472,1463,1480,1537,1560,1619,1659,1714,1707,1659,1728,1788,1666,1717,1806,1922,1904,2048,2484,2502,..,..,..,..
I51,"Full-time equivalent telecommunication employees, total ",ROM,Romania,..,..,..,..,..,..,..,..,..,..,..,..,..,..,..,..,..,..,..,..,38300,38300,..,40000,40000,..,..,..,42800,51765,51765,55049,53617,53551,53466,53648,53588,52149,48411,44919,42303,43819,36934,43188,..,41386,43283,44000,39000,36000,33000,42000,41000,40000,39000
I51,"Full-time equivalent telecommunication employees, total ",RUS,Russia,..,..,..,..,..,..,..,..,..,..,..,..,..,..,..,..,..,..,..,..,..,..,..,..,..,..,..,..,..,..,490000,480000,407300,424469,431374,442185,444383,447621,444500,432900,427700,..,..,404681,385890,364600,..,..,394905,364430,344709,337511,340411,305749,316200
I51,"Full-time equivalent telecommunication employees, total ",RWA,Rwanda,..,..,..,..,..,..,..,..,..,..,..,..,..,..,..,480,480,..,520,540,550,472,377,512,514,523,502,507,558,549,568,619,593,650,760,400,300,250,250,300,300,350,..,..,..,530,565,633,686,761,922,942,761,845,870
I51,"Full-time equivalent telecommunication employees, total ",KNA,Saint Kitts and Nevis,..,..,..,..,..,..,..,..,..,..,..,..,..,..,..,..,..,..,..,..,..,..,..,100,100,96,100,100,100,100,100,100,100,100,210,206,209,192,165,168,..,147,..,..,..,..,159,157,178,136,127,..,..,..,..
I51,"Full-time equivalent telecommunication employees, total ",LCA,Saint Lucia,..,..,..,..,..,..,..,..,..,..,..,..,..,..,..,..,..,..,..,..,..,..,..,180,176,..,..,..,251,..,..,..,300,175,394,387,413,417,377,..,..,..,..,..,..,..,541,557,621,573,520,519,500,425,361
I51,"Full-time equivalent telecommunication employees, total ",WSM,Samoa,..,..,..,..,..,..,..,..,..,..,..,..,..,..,..,..,..,..,..,..,..,..,..,..,..,..,..,..,..,..,197,198,..,195,174,167,200,250,260,210,200,185,252,251,..,..,..,..,..,..,..,..,..,..,..
I51,"Full-time equivalent telecommunication employees, total ",SMR,San Marino,..,..,..,..,..,..,..,..,..,..,..,..,..,..,..,..,..,..,..,..,..,..,..,..,..,..,..,..,..,..,..,..,50,60,65,67,67,68,68,70,70,70,70,75,75,78,88,88,..,..,..,..,..,..,..
I51,"Full-time equivalent telecommunication employees, total ",STP,Sao Tome and Principe,..,..,..,..,..,..,..,..,..,..,..,..,..,..,..,..,..,..,..,..,..,166,..,203,198,..,..,208,217,235,207,190,180,181,166,146,153,134,128,122,108,97,95,93,89,87,86,81,77,78,82,87,88,..,..
I51,"Full-time equivalent telecommunication employees, total ",SAU,Saudi Arabia,..,..,..,..,..,..,..,..,..,..,..,..,..,..,..,..,..,7600,8500,11800,12900,14800,17100,17128,15105,15971,21450,21067,18990,20429,20603,20403,20605,20435,20760,20503,19231,19964,22063,20977,22973,23483,21349,21243,20314,22479,25298,25175,24789,24261,23406,23721,23745,23721,22019
I51,"Full-time equivalent telecommunication employees, total ",SEN,Senegal,..,..,..,..,..,..,..,..,..,..,..,..,..,..,..,..,..,..,..,..,..,..,..,1433,1545,1995,1988,1953,1942,1929,1927,1913,1927,1910,1894,1845,1467,1346,1354,1400,1406,1557,1586,1647,1761,1815,1920,2098,1804,2187,2341,2339,2389,2911,3060
I51,"Full-time equivalent telecommunication employees, total ",SRB,Serbia,..,..,..,..,..,..,..,..,..,..,..,..,..,..,..,..,..,..,..,..,..,..,..,..,..,..,..,..,..,..,..,..,..,..,..,..,..,..,..,..,..,..,..,..,12253,..,12054,14542,14576,14744,15050,13688,12183,13689,14048
I51,"Full-time equivalent telecommunication employees, total ",SYC,Seychelles,..,..,..,..,..,..,..,..,..,..,..,..,..,..,..,..,..,..,..,..,..,..,212,200,218,220,..,219,237,..,305,275,312,293,312,317,315,323,331,355,370,356,..,..,..,..,..,..,..,..,..,391,383,412,394
I51,"Full-time equivalent telecommunication employees, total ",SLE,Sierra Leone,..,..,..,..,..,..,..,..,..,..,..,..,..,..,..,..,..,..,..,..,1398,..,..,..,..,..,858,850,865,880,912,915,920,936,958,969,969,952,972,963,985,1191,..,..,..,..,..,..,..,..,..,..,..,..,..
I51,"Full-time equivalent telecommunication employees, total ",SGP,Singapore,..,..,..,..,..,..,..,..,..,..,..,..,..,..,..,7242,8258,8969,9448,9842,10284,12090,11698,12922,12920,12751,12497,12100,11620,10964,10157,7595,7379,7253,6844,6379,7900,8300,8800,8448,8034,8804,..,..,..,..,..,..,..,..,..,..,..,..,..
I51,"Full-time equivalent telecommunication employees, total ",SVK,Slovak Republic,..,..,..,..,..,..,..,..,..,..,..,..,..,..,..,..,..,..,..,..,..,..,..,..,..,..,..,..,..,..,10583,12822,14765,15683,15653,15633,15822,15871,16864,15883,15442,14653,12621,11552,10878,10265,10247,9651,9949,10089,10212,9552,8949,8634,8452
I51,"Full-time equivalent telecommunication employees, total ",SVN,Slovenia,..,..,..,..,..,..,..,..,..,..,..,..,..,..,..,..,..,..,..,..,..,..,..,..,..,..,..,..,..,..,..,..,2255,2392,3215,3134,3147,3161,3393,3600,3701,4104,4454,2697,2172,4635,4699,4742,4759,5073,5498,5459,5530,5740,5670
I51,"Full-time equivalent telecommunication employees, total ",SLB,Solomon Islands,..,..,..,..,..,..,..,..,..,..,..,..,..,..,..,..,..,..,..,..,..,..,..,150,155,158,161,177,..,277,261,265,248,262,267,276,278,277,272,254,151,151,..,..,..,..,..,..,..,..,..,..,..,..,..
I51,"Full-time equivalent telecommunication employees, total ",SOM,Somalia,..,..,..,..,..,..,..,..,..,..,..,..,..,..,..,..,..,..,..,..,..,..,1200,1200,1300,..,..,1503,2485,..,..,1500,..,..,..,..,..,..,..,..,..,..,..,..,..,..,..,..,..,..,..,..,..,..,..
I51,"Full-time equivalent telecommunication employees, total ",ZAF,South Africa,..,..,..,..,..,..,..,..,..,..,..,..,..,..,..,..,..,..,..,..,..,77000,83577,88807,92412,94402,95761,97932,95531,95387,67667,66210,61991,61255,59896,57501,57496,56893,61237,55480,50421,45870,41590,38492,35416,33775,..,..,..,..,..,..,..,34483,34964
I51,"Full-time equivalent telecommunication employees, total ",SSD,South Sudan,..,..,..,..,..,..,..,..,..,..,..,..,..,..,..,..,..,..,..,..,..,..,..,..,..,..,..,..,..,..,..,..,..,..,..,..,..,..,..,..,..,..,..,..,..,..,..,..,..,..,329,548,609,..,..
I51,"Full-time equivalent telecommunication employees, total ",ESP,Spain,..,..,..,..,..,..,..,..,..,..,..,..,..,..,..,65820,65900,66970,68620,68840,70610,70960,71170,71461,71199,72086,63021,63311,66062,71155,75350,75499,74437,74340,72207,69570,67216,64049,71117,64457,64794,94394,89605,85169,88005,88519,88766,85018,81705,80117,77839,74824,68174,64606,60224
I51,"Full-time equivalent telecommunication employees, total ",LKA,Sri Lanka,..,..,..,..,..,..,..,..,..,..,..,..,..,..,..,..,..,..,..,..,8900,9625,9549,9239,9587,9212,8656,8624,9020,9587,9197,7141,7572,7466,7500,8150,10340,10420,10686,11165,11884,11446,8259,8151,10260,11102,13425,14206,15805,14488,13741,12982,12500,12682,..
I51,"Full-time equivalent telecommunication employees, total ",VCT,St. Vincent and the Grenadines,..,..,..,..,..,..,..,..,..,..,..,..,..,..,..,..,..,..,..,..,..,..,..,..,..,..,..,..,..,..,..,..,205,214,212,210,209,189,181,166,165,220,161,121,..,..,159,158,206,188,181,..,183,162,133
I51,"Full-time equivalent telecommunication employees, total ",SDN,Sudan,..,..,..,..,..,..,..,..,..,..,..,..,..,..,..,..,..,..,5780,6890,7670,7790,8420,8700,8650,..,..,..,8619,..,8600,8619,8650,8678,2100,2500,2635,2468,2488,2657,2804,3021,3837,3006,2974,3840,..,5500,5700,..,..,..,..,..,..
I51,"Full-time equivalent telecommunication employees, total ",SUR,Suriname,..,..,..,..,..,..,..,..,..,..,..,..,..,..,..,..,..,..,..,..,..,963,..,1029,1062,1074,1108,1093,1215,1231,1350,1262,1268,1131,1218,1209,1203,1175,1125,1071,1047,1025,1029,1019,1029,988,..,..,..,..,1001,983,968,983,..
I51,"Full-time equivalent telecommunication employees, total ",SWZ,Swaziland,..,..,..,..,..,..,..,..,..,..,..,..,..,..,..,..,..,..,..,..,27,299,..,330,330,330,344,471,471,472,398,477,467,456,432,432,490,451,457,450,475,465,493,471,..,424,432,360,515,733,819,890,941,..,..
I51,"Full-time equivalent telecommunication employees, total ",SWE,Sweden,..,..,..,..,..,..,..,..,..,..,..,..,..,..,..,38000,39000,40000,39000,40000,40000,40030,39970,39520,40231,41855,43367,43234,44162,43535,44254,42399,39540,34312,32807,32825,32697,30786,28420,28749,28722,25885,21620,20087,18914,19070,19057,17534,17816,19173,..,..,..,..,17456
I51,"Full-time equivalent telecommunication employees, total ",CHE,Switzerland,..,..,..,..,..,..,..,..,..,..,..,..,..,..,..,16200,16000,15846,15969,16140,16323,16781,17292,17656,18019,18326,18733,18159,18920,19715,20170,20705,20857,20521,19543,20219,21951,22170,23276,24150,24158,24772,23568,22446,21900,22338,22603,23172.9,22636.5,23104.68,23094.2,23802.1,23770.6,24252,25500
I51,"Full-time equivalent telecommunication employees, total ",SYR,Syria,..,..,..,..,..,..,..,..,..,..,5083,..,..,..,..,7093,6101,6954,7674,8718,9412,10747,11294,11476,11653,12742,12692,12633,12913,13131,13411,13654,14072,15670,16665,17202,17747,18703,19664,20419,21193,21688,21986,22417,22661,23119,23553,23668,..,..,26628,26612,25877,26899,27154
I51,"Full-time equivalent telecommunication employees, total ",MKD,T.F.Y.R. Macedonia,..,..,..,..,..,..,..,..,..,..,..,..,..,..,..,..,..,..,..,..,..,..,..,..,..,..,..,..,..,..,..,1800,1900,2148,3104,3170,3371,3415,3470,3672,3707,3776,..,..,..,..,1792,..,..,7245,..,..,..,..,..
I51,"Full-time equivalent telecommunication employees, total ",TWN,"Taiwan, China",..,..,..,..,..,..,..,..,..,..,..,..,..,..,..,..,..,..,..,..,..,27184,27539,27212,29500,29509,29796,29745,29599,35340,36679,36589,36196,36009,35788,35875,35000,34557,38863,41739,43377,41028,38102,38257,39116,38150,41617,39197,38844,38729,37929,39577,40130,40004,40261
I51,"Full-time equivalent telecommunication employees, total ",TJK,Tajikistan,..,..,..,..,..,..,..,..,..,..,..,..,..,..,..,..,..,..,..,..,..,..,..,..,..,..,..,..,..,..,..,5500,6300,5200,5400,5300,4926,4918,4859,5040,4916,4986,4996,5119,5000,4800,..,..,..,..,..,..,..,..,..
I51,"Full-time equivalent telecommunication employees, total ",TZA,Tanzania,..,..,..,..,..,..,..,..,..,..,..,..,..,..,..,..,..,..,..,..,3061,3131,3916,3940,4004,4122,5819,5872,4907,4860,4860,4707,4907,4847,4671,4775,4798,4719,4575,3717,3650,3571,3514,..,..,..,..,..,..,..,..,..,..,..,..
I51,"Full-time equivalent telecommunication employees, total ",THA,Thailand,..,..,..,..,..,..,..,..,..,..,..,..,..,..,..,..,..,..,..,..,10898,11228,12123,13257,15415,16926,17399,17746,17956,18243,18788,24840,..,..,23606,26131,26248,26318,26017,25355,24483,22842,21645,27185,26897,20638,19752,30664,..,..,..,22479,22270,27538,24959
I51,"Full-time equivalent telecommunication employees, total ",TLS,Timor-Leste,..,..,..,..,..,..,..,..,..,..,..,..,..,..,..,..,..,..,..,..,..,..,..,..,..,..,..,..,..,..,..,..,..,..,..,..,..,..,..,..,..,..,..,84,85,90,113,125,143,202,..,..,..,..,956
I51,"Full-time equivalent telecommunication employees, total ",TGO,Togo,..,..,..,..,..,..,..,..,..,..,..,..,..,..,..,421,409,620,612,598,613,882,882,562,572,581,621,626,583,596,604,718,849,895,893,888,860,850,856,930,1081,1084,1078,1082,1099,1150,1244,1218,..,..,1389,1447,1482,..,1454
I51,"Full-time equivalent telecommunication employees, total ",TON,Tonga,..,..,..,..,..,..,..,..,..,..,..,..,..,..,..,..,..,..,..,..,..,184,..,169,180,..,..,..,..,..,247,282,300,264,261,262,262,265,265,260,280,300,294,..,..,..,..,..,..,..,..,..,..,..,..
I51,"Full-time equivalent telecommunication employees, total ",TTO,Trinidad and Tobago,..,..,..,..,..,..,..,..,..,..,..,..,..,..,..,..,..,..,..,..,..,2700,2740,2856,2800,..,..,2499,2325,..,2957,2963,2842,2775,2813,2735,2744,2761,2832,2778,3041,3128,..,..,..,..,..,..,3602,..,1175,1245,1335,1583,1819
I51,"Full-time equivalent telecommunication employees, total ",TUN,Tunisia,..,..,..,..,..,..,..,..,..,..,..,..,..,..,..,2600,3086,3596,3196,3565,3238,3435,3754,3927,3931,5373,6272,5656,6138,5500,5500,6644,7500,6314,6432,5800,5975,6221,6421,6567,7011,7400,7703,8610,8844,9373,9400,9460,9800,9800,10957,10936,10795,10971,11057
I51,"Full-time equivalent telecommunication employees, total ",TUR,Turkey,..,..,..,..,..,22361,..,..,..,..,36317,..,..,..,..,52344,..,..,..,..,64082,63018,65369,70445,72590,72553,76508,83199,85970,89209,90085,90783,88148,93897,90687,74987,73933,73177,72845,72463,72412,75576,68267,66059,60981,60631,50100,46500,38850,35585,37677,36565,37021,34548,34386
I51,"Full-time equivalent telecommunication employees, total ",TKM,Turkmenistan,..,..,..,..,..,..,..,..,..,..,..,..,..,..,..,..,..,..,..,..,..,..,..,..,..,..,..,..,..,..,5428,5500,6166,6500,6800,7800,8200,7800,7521,7420,7412,7514,..,..,5580,7000,..,..,..,..,..,..,..,..,..
I51,"Full-time equivalent telecommunication employees, total ",TUV,Tuvalu,..,..,..,..,..,..,..,..,..,..,..,..,..,..,..,..,..,..,..,..,..,..,..,..,..,25,25,25,25,22,22,30,30,30,43,54,64,56,52,52,52,53,..,..,42,45,50,..,..,..,..,..,..,..,..
I51,"Full-time equivalent telecommunication employees, total ",UGA,Uganda,..,..,..,..,..,..,..,..,..,..,..,..,..,..,..,..,..,..,..,..,..,..,2410,2122,2100,..,..,1678,2215,2215,2215,1221,1247,1246,1219,1324,1348,1399,1890,1672,2375,2400,2632,5028,5193,5511,5000,4500,3800,4700,5784,5698,5413,..,5743
I51,"Full-time equivalent telecommunication employees, total ",UKR,Ukraine,..,..,..,..,..,..,..,..,..,..,..,..,..,..,..,..,..,..,..,..,..,..,..,..,..,..,..,..,..,..,..,113000,123900,120000,120000,118000,131000,131200,128400,131387,128198,126196,125800,..,123400,..,..,..,..,..,..,..,..,..,74500
I51,"Full-time equivalent telecommunication employees, total ",ARE,United Arab Emirates,..,..,..,..,..,..,..,..,..,..,..,..,..,..,..,..,..,..,4400,4400,4300,4297,4420,4400,4395,4151,4169,4159,4159,4377,4472,4524,4590,4780,5066,5305,5762,6624,8087,8207,8329,8951,9539,9809,10039,9832,..,10695,11759,11717,11337,10798,7961,7419,6254
I51,"Full-time equivalent telecommunication employees, total ",GBR,United Kingdom,..,..,..,..,..,..,..,..,..,..,..,..,..,..,..,237700,228100,224900,229900,240100,246700,245882,245976,246700,241816,235178,234400,237200,244400,245700,226900,219000,182000,170000,153000,145000,142000,174250,182000,203000,207000,220000,236000,..,..,..,..,..,..,..,..,..,..,..,..
I51,"Full-time equivalent telecommunication employees, total ",USA,United States,706000,..,..,..,..,735200,..,..,..,..,942100,..,..,..,..,966600,953200,957300,994800,1048200,1072200,1077300,1071800,1010300,953400,920700,883400,901900,901100,885900,913000,909200,885200,879000,961000,976000,997000,1060000,1108000,1180000,1263000,1302100,1186500,1082300,1034600,998700,1047600,1030600,1021400,965700,902900,873600,856800,854800,855800
I51,"Full-time equivalent telecommunication employees, total ",URY,Uruguay,..,..,..,..,..,..,..,..,..,..,..,..,..,..,..,..,..,..,..,..,7438,7993,..,8303,8400,8537,8716,8853,8664,8497,8133,7541,7260,7062,6587,6323,5905,5777,5809,5805,5504,5667,..,..,..,6189,6045,6005,6457,6619,6719,6724,7088,..,..
I51,"Full-time equivalent telecommunication employees, total ",UZB,Uzbekistan,..,..,..,..,..,..,..,..,..,..,..,..,..,..,..,..,..,..,..,..,..,..,..,..,..,..,..,..,..,..,..,23784,23224,21990,24590,25720,26830,29840,28090,26300,25840,24275,..,..,22800,21500,..,..,19251,..,..,..,17590,..,35300
I51,"Full-time equivalent telecommunication employees, total ",VUT,Vanuatu,..,..,..,..,..,..,..,..,..,..,..,..,..,..,..,..,..,..,..,..,..,..,73,78,98,82,115,..,..,..,..,163,165,168,178,175,175,178,184,180,181,179,..,..,..,150,..,..,..,170,190,200,208,370,..
I51,"Full-time equivalent telecommunication employees, total ",VEN,Venezuela,..,..,..,..,..,..,..,..,..,..,..,..,..,..,..,..,..,..,..,..,..,17000,17188,18600,18010,17360,16572,17056,17913,19456,19985,20037,22527,21595,19535,20523,16533,13325,13151,14769,20665,18643,14769,17185,17394,..,19579,19339,21891,22948,23208,23765,25878,25993,24586
I51,"Full-time equivalent telecommunication employees, total ",VNM,Viet Nam,..,..,..,..,..,..,..,..,..,..,..,..,..,..,..,..,..,..,..,..,..,42057,45000,48150,51520,55130,58990,63120,67540,72270,77330,82740,88530,94730,101360,97100,93020,89110,85370,81780,78350,75060,80000,90000,..,..,..,..,..,..,..,..,..,..,..
I51,"Full-time equivalent telecommunication employees, total ",VIR,Virgin Islands (U.S.),..,..,..,..,..,..,..,..,..,..,..,..,..,..,..,..,..,..,..,..,..,..,..,..,..,..,..,475,466,..,528,..,435,435,433,424,409,397,432,..,..,..,..,..,..,..,..,..,..,..,..,..,..,..,..
I51,"Full-time equivalent telecommunication employees, total ",YEM,Yemen,..,..,..,..,..,..,..,..,..,..,..,..,..,..,..,..,..,..,..,..,..,..,..,..,..,..,..,..,..,1670,3124,3143,3241,3291,3351,3332,3565,3619,3730,4748,5277,5344,5408,..,..,..,..,10488,8855,8920,9532,..,..,..,..
I51,"Full-time equivalent telecommunication employees, total ",ZMB,Zambia,..,..,..,..,..,..,..,..,..,..,..,..,..,..,..,..,..,..,..,..,..,3131,2356,2396,2411,2535,2627,2705,3380,3585,3737,3313,3244,3126,2830,3452,3260,3287,3347,3397,3111,3061,3041,2864,3172,..,..,..,..,..,..,2554,2514,2223,2072
I51,"Full-time equivalent telecommunication employees, total ",ZWE,Zimbabwe,..,..,..,..,..,..,..,..,..,..,..,..,..,..,..,4220,4350,4350,4480,4840,5040,4920,5211,5358,5488,5331,5593,5451,5259,4405,5059,4963,5172,5139,5392,5144,5497,6409,7100,7900,4609,4049,4060,4101,4694,4226,3106,..,2817,3304,3410,4144,4711,4945,5058
